Sample,Start date range,End date range,Median date,Format of date,AD/BC,AGE BP (1950),Lat,Long,Ancient/Modern,Notes,Source
Abusir1630,117,342,229.5,cal BC 342-117,BC,2179.5,29.24,31.1,Ancient,SPAAM dir,Ancient Egyptian mummy genomes suggest an increase of Sub-Saharan African ancestry in post-Roman periods | Nature Communications
GC96CU,415,545,480,cal AD,AD,1470,52.063,0.193,Ancient,GC 96 in SPAAM directory,Ancient genomes reveal a high diversity of Mycobacterium leprae in medieval Europe | PLOS Pathogens
EDI006,575,650,612.5,cal CE,AD,1337.5,52.136,-0.011,Ancient,SPAAM dir,Mycobacterium leprae diversity and population dynamics in medieval Europe from novel ancient genomes - PMC (nih.gov)
BEL024,135,1203,669,cal CE,AD,1281,53.585,30.029,Ancient,SPAAM dir,Mycobacterium leprae diversity and population dynamics in medieval Europe from novel ancient genomes - PMC (nih.gov)
T18, , ,675,"""Mid-late 7th AD""",AD,1275,41.564,14.498,Ancient,SPAAM dir,Ancient genomes reveal a high diversity of Mycobacterium leprae in medieval Europe | PLOS Pathogens
SK11, , ,700,7th -8th AD,AD,1250,46.715,20.281,Ancient,SPAAM dir,Ancient genomes reveal a high diversity of Mycobacterium leprae in medieval Europe | PLOS Pathogens
Body_188,801,999,900,9th - 10th century ad,AD,1050,48.831,16.982,Ancient,SPAAM dir,A migration-driven model for the historical spread of leprosy in medieval Eastern and Central Europe - ScienceDirect
SK14,995,1033,1014,cal AD,AD,936,51.059,-1.308,Ancient,SPAAM dir,DOI: 10.1126/science.1238286
SK27,901,1200,1050.5,10th to 12th century,AD,899.5,51.059,-1.308,Ancient,Winchester Uk,https://europepmc.org/article/MED/24708363
MMW_H80_1,991,1123,1057,calCE,AD,893,51.06,-1.3,Ancient,Urban 24,ZH1034
SK8,1010,1160,1085,cal AD,AD,865,51.059,-1.308,Ancient,SPAAM dir,doi:10.1371/journal.pone.0062406
UF803,1023,1157,1090,cal CE,AD,860,41.379,2.167,Ancient,SPAAM dir,Mycobacterium leprae diversity and population dynamics in medieval Europe from novel ancient genomes - PMC (nih.gov)
UF101,1027,1157,1092,cal CE,AD,858,41.379,2.167,Ancient,SPAAM dir,Mycobacterium leprae diversity and population dynamics in medieval Europe from novel ancient genomes - PMC (nih.gov)
KirkHill,1030,1155,1092.5,cal CE,AD,857.5,56.339,-2.785,Ancient,SPAAM dir,Mycobacterium leprae diversity and population dynamics in medieval Europe from novel ancient genomes - PMC (nih.gov)
sample_3077,1032,1155,1093.5,cal AD,AD,856.5,59.618,17.726,Ancient,SPAAM dir,DOI: 10.1126/science.1238286
CHRY023,1034,1162,1098,cal CE,AD,852,52.197,0.174,Ancient,SPAAM dir, https://www.ebi.ac.uk/ena/browser/view/SAMN20800870 ??
CHRY044,1034,1162,1098,cal CE,AD,852,52.197,0.174,Ancient,SPAAM dir,Mycobacterium leprae diversity and population dynamics in medieval Europe from novel ancient genomes - PMC (nih.gov)
UF700,1035,1165,1100,cal CE,AD,850,41.379,2.167,Ancient,SPAAM dir,Mycobacterium leprae diversity and population dynamics in medieval Europe from novel ancient genomes - PMC (nih.gov)
Refshale_16,1046,1163,1104.5,cal AD,AD,845.5,56.193,9.394,Ancient,SPAAM dir,DOI: 10.1126/science.1238286
UF703,1040,1208,1124,cal CE,AD,826,41.379,2.167,Ancient,SPAAM dir,Mycobacterium leprae diversity and population dynamics in medieval Europe from novel ancient genomes - PMC (nih.gov)
Jorgen_533,1044,1214,1129,cal AD,AD,821,55.399,10.406,Ancient,SPAAM dir,'
Jorgen_507,1058,1253,1155.5,cal AD,AD,794.5,55.399,10.406,Ancient,SPAAM dir,'
Jorgen_427,1164,1258,1211,cal AD,AD,739,55.399,10.406,Ancient,SPAAM dir,'
MMW_H94_1,1176,1270,1223,calCE,AD,727,51.06,-1.3,Ancient,Urban 24,"Urban et al 2024, https://www.cell.com/current-biology/fulltext/S0960-9822(24)00446-9#supplementaryMaterial, https://www.ncbi.nlm.nih.gov/biosample - ZH1041"
Jorgen_404,1219,1276,1247.5,cal AD,AD,702.5,55.399,10.406,Ancient,SPAAM dir,"Ancient genomes reveal a high diversity of Mycobacterium leprae in medieval Europe | PLOS Pathogens , https://raw.githubusercontent.com/SPAAM-community/AncientMetagenomeDir/master/ancientsinglegenome-hostassociated/samples/ancientsinglegenome-hostassociated_samples.tsv"
Jorgen_749,1223,1279,1251,cal AD,AD,699,55.399,10.406,Ancient,SPAAM dir,'
SK2,1268,1283,1275.5,cal AD,AD,674.5,51.059,-1.308,Ancient,SPAAM dir,DOI: 10.1126/science.1238286
JDS097,1231,1384,1307.5,cal CE,AD,642.5,52.207,0.118,Ancient,SPAAM dir,Mycobacterium leprae diversity and population dynamics in medieval Europe from novel ancient genomes - PMC (nih.gov)
Jorgen_722,1256,1377,1316.5,cal AD,AD,633.5,55.399,10.406,Ancient,SPAAM dir,'
MMW_H50_1,1265,1377,1321,calCE,AD,629,51.06,-1.3,Ancient,Urban 24,ZH1036
Bergen,1268,1388,1328,cal CE,AD,622,60.39,5.333,Ancient,SPAAM dir,Mycobacterium leprae diversity and population dynamics in medieval Europe from novel ancient genomes - PMC (nih.gov)
Jorgen_625,1293,1386,1339.5,cal AD,AD,610.5,55.399,10.406,Ancient,SPAAM dir,"DOI: 10.1126/science.1238286, https://raw.githubusercontent.com/SPAAM-community/AncientMetagenomeDir/master/ancientsinglegenome-hostassociated/samples/ancientsinglegenome-hostassociated_samples.tsv"
PAVd09_1.5,1283,1396,1339.5,cal CE,AD,610.5,37.098,-8.674,Ancient,SPAAM dir,Mycobacterium leprae diversity and population dynamics in medieval Europe from novel ancient genomes - PMC (nih.gov)
UF25,1423,1466,1444.5,cal CE,AD,505.5,41.379,2.167,Ancient,SPAAM dir,Mycobacterium leprae diversity and population dynamics in medieval Europe from novel ancient genomes - PMC (nih.gov)
UF21,1431,1611,1521,cal CE,AD,429,41.379,2.167,Ancient,SPAAM dir,Mycobacterium leprae diversity and population dynamics in medieval Europe from novel ancient genomes - PMC (nih.gov)
UF11, , ,1750,Archaeological age,AD,200,41.379,2.167,Ancient,SPAAM dir,https://www.ncbi.nlm.nih.gov/pmc/articles/PMC8493730/
R7546-671,1661,1950,1805.5,cal CE,AD,144.5,59.931,30.361,Ancient,SPAAM dir,Mycobacterium leprae diversity and population dynamics in medieval Europe from novel ancient genomes - PMC (nih.gov)
RB041,,,2018,,AD,0,23.76,90.39,Modern,BANGLADESH,https://www.ebi.ac.uk/ena/browser/view/SAMN13438761
RB048,,,2018,,AD,0,23.76,90.39,Modern,BANGLADESH,https://www.ebi.ac.uk/ena/browser/view/SAMN13438762
RB053,,,2018,,AD,0,23.76,90.39,Modern,BANGLADESH,https://www.ebi.ac.uk/ena/browser/view/SAMN13438763
RB065,,,2018,,AD,0,23.76,90.39,Modern,BANGLADESH,https://www.ebi.ac.uk/ena/browser/view/SAMN13438764
RB066,,,2018,,AD,0,23.76,90.39,Modern,BANGLADESH,https://www.ebi.ac.uk/ena/browser/view/SAMN13438765
RB067,,,2018,,AD,0,23.76,90.39,Modern,BANGLADESH,https://www.ebi.ac.uk/ena/browser/view/SAMN13438766
RB180,,,2018,,AD,0,23.76,90.39,Modern,BANGLADESH,https://www.ebi.ac.uk/ena/browser/view/SAMN13438767
RB181,,,2018,,AD,0,23.76,90.39,Modern,BANGLADESH,https://www.ebi.ac.uk/ena/browser/view/SAMN13438768
RB184,,,2018,,AD,0,23.76,90.39,Modern,BANGLADESH,https://www.ebi.ac.uk/ena/browser/view/SAMN13438769
RB187,,,2018,,AD,0,23.76,90.39,Modern,BANGLADESH,https://www.ebi.ac.uk/ena/browser/view/SAMN13438770
RB188,,,2018,,AD,0,23.76,90.39,Modern,BANGLADESH,https://www.ebi.ac.uk/ena/browser/view/SAMN13438771
VB-04,,,2018,,AD,0,10.48,-66.9,Modern,Venezuela,https://www.ebi.ac.uk/ena/browser/view/SAMN13438820
VB-06,,,2018,,AD,0,10.48,-66.9,Modern,Venezuela,https://www.ebi.ac.uk/ena/browser/view/SAMN13438821
VB-11,,,2018,,AD,0,10.48,-66.9,Modern,Venezuela,https://www.ebi.ac.uk/ena/browser/view/SAMN13438822
VB-16,,,2018,,AD,0,10.48,-66.9,Modern,Venezuela,https://www.ebi.ac.uk/ena/browser/view/SAMN13438823
VB-17,,,2018,,AD,0,10.48,-66.9,Modern,Venezuela,https://www.ebi.ac.uk/ena/browser/view/SAMN13438824
VB-21,,,2018,,AD,0,10.48,-66.9,Modern,Venezuela,https://www.ebi.ac.uk/ena/browser/view/SAMN13438825
VB-29,,,2018,,AD,0,10.48,-66.9,Modern,Venezuela,https://www.ebi.ac.uk/ena/browser/view/SAMN13438826
VB-40,,,2018,,AD,0,10.48,-66.9,Modern,Venezuela,https://www.ebi.ac.uk/ena/browser/view/SAMN13438827
VB-43,,,2018,,AD,0,10.48,-66.9,Modern,Venezuela,https://www.ebi.ac.uk/ena/browser/view/SAMN13438828
VB-52,,,2018,,AD,0,10.48,-66.9,Modern,Venezuela,https://www.ebi.ac.uk/ena/browser/view/SAMN13438829
VB-67,,,2018,,AD,0,10.48,-66.9,Modern,Venezuela,https://www.ebi.ac.uk/ena/browser/view/SAMN13438830
VB-82,,,2018,,AD,0,10.48,-66.9,Modern,Venezuela,https://www.ebi.ac.uk/ena/browser/view/SAMN13438831
Sen1-1,,,2018,,AD,0,14.69,-17.45,Modern,Senegal,https://www.ebi.ac.uk/ena/browser/view/SAMN16207321
Md11060B,,,2017,,AD,0,-13.2,49.05,Modern,2012/2017; Madagascar Ambilobe Diana (Avanzi et al 2020),https://www.ebi.ac.uk/ena/browser/view/SAMN13438803
Bn9-59,,,2017,,AD,0,-6.5,2.6,Modern,Benin,https://www.ebi.ac.uk/ena/browser/view/SAMN16207304
Bn9-66,,,2017,,AD,0,-6.5,2.6,Modern,Benin,https://www.ebi.ac.uk/ena/browser/view/SAMN16207305
Bn9-67,,,2017,,AD,0,-6.5,2.6,Modern,Benin,https://www.ebi.ac.uk/ena/browser/view/SAMN16207306
Ml11-101,,,2017,,AD,0,12.64,-8,Modern,Mali,https://www.ebi.ac.uk/ena/browser/view/SAMN16207308
Ml11-102,,,2017,,AD,0,12.64,-8,Modern,Mali,https://www.ebi.ac.uk/ena/browser/view/SAMN16207309
Ml11-103,,,2017,,AD,0,12.64,-8,Modern,Mali,https://www.ebi.ac.uk/ena/browser/view/SAMN16207310
Ml12-109,,,2017,,AD,0,12.64,-8,Modern,Mali,https://www.ebi.ac.uk/ena/browser/view/SAMN16207311
Ml12-110,,,2017,,AD,0,12.64,-8,Modern,Mali,https://www.ebi.ac.uk/ena/browser/view/SAMN16207312
Ng19-42,,,2017,,AD,0,13.52,2.12,Modern,Niger,https://www.ebi.ac.uk/ena/browser/view/SAMN16207316
Ng22-45,,,2017,,AD,0,13.52,2.12,Modern,Niger,https://www.ebi.ac.uk/ena/browser/view/SAMN16207317
Ng27-58,,,2017,,AD,0,13.52,2.12,Modern,Niger,https://www.ebi.ac.uk/ena/browser/view/SAMN16207318
Ng27-60,,,2017,,AD,0,13.52,2.12,Modern,Niger,https://www.ebi.ac.uk/ena/browser/view/SAMN16207319
Ng29-64,,,2017,,AD,0,13.52,2.12,Modern,Niger,https://www.ebi.ac.uk/ena/browser/view/SAMN16207320
KFMC-1,,,2017,,AD,0,14.6,120.98,Modern,"Patient from Philipenes at King Fahad Medical City, Riyadh, Saudi Arabia","Metagenomics of Imported Multidrug-Resistant Mycobacterium leprae, Saudi Arabia, 2017 - PMC (nih.gov)"
Br2016-14,,,2016,year of collection,AD,0,-1.456,-48.501,Modern,Brazil: Para (state though),https://www.ebi.ac.uk/ena/browser/view/SAMN07514429
Br2016-15,,,2016,year of collection,AD,0,-1.294,-47.925,Modern,"Brazil: Castanhal, Para",https://www.ebi.ac.uk/ena/browser/view/SAMN07514430
Br2016-16,,,2016,year of collection,AD,0,-1.362,-48.341,Modern,"Brazil: Marituba, Para",https://www.ebi.ac.uk/ena/browser/view/SAMN07514431
Br2016-17,,,2016,year of collection,AD,0,-22.907,-43.173,Modern,location: Brazil Rio de Janerio,https://www.ebi.ac.uk/ena/browser/view/SAMN07514432
Br2016-18,,,2016,year of collection,AD,0,-22.907,-43.173,Modern,location: Brazil Rio de Janerio,https://www.ebi.ac.uk/ena/browser/view/SAMN07514433
Br2016-19,,,2016,year of collection,AD,0,-22.907,-43.173,Modern,location: Brazil Rio de Janerio,https://www.ebi.ac.uk/ena/browser/view/SAMN07514434
Br2016-20,,,2016,year of collection,AD,0,-22.907,-43.173,Modern,location: Brazil Rio de Janerio,https://www.ebi.ac.uk/ena/browser/view/SAMN07514435
Br2016-21,,,2016,year of collection,AD,0,-22.907,-43.173,Modern,location: Brazil Rio de Janerio,https://www.ebi.ac.uk/ena/browser/view/SAMN07514436
Br2016-24,,,2016,year of collection,AD,0,-1.365,-48.374,Modern,"Brazil: Ananindeua,Para",https://www.ebi.ac.uk/ena/browser/view/SAMN07514437
Br2016-26,,,2016,year of collection,AD,0,-1.456,-48.501,Modern,"Brazil: Belem, Para",https://www.ebi.ac.uk/ena/browser/view/SAMN07514438
Br2016-27,,,2016,year of collection,AD,0,-1.456,-48.501,Modern,"Brazil: Belem, Para",https://www.ebi.ac.uk/ena/browser/view/SAMN07514439
Br2016-45,,,2016,year of collection,AD,0,-21.169,-47.811,Modern,Brazil: Ribeirao Preto - Sao Paulo,https://www.ebi.ac.uk/ena/browser/view/SAMN07514440
Br2016-46,,,2016,year of collection,AD,0,-21.169,-47.811,Modern,Brazil: Ribeirao Preto - Sao Paulo,https://www.ebi.ac.uk/ena/browser/view/SAMN07514441
Br2016-47,,,2016,year of collection,AD,0,-21.169,-47.811,Modern,Brazil: Ribeirao Preto - Sao Paulo,https://www.ebi.ac.uk/ena/browser/view/SAMN07514442
EGG,,,2016,year of collection,AD,0,25.592,-99.996,Modern,Mexico 'Nuovo' Leon (Nuevo?),https://www.ebi.ac.uk/ena/browser/view/SAMN07514447
Md01046D,,,2016,,AD,0,-18.927,47.611,Modern,date 2012/2017; Madagascar Antananarivo Atsimondrano according to Avanzi et al 2020 supp,https://www.ebi.ac.uk/ena/browser/view/SAMN13438784 ; https://www.frontiersin.org/journals/microbiology/articles/10.3389/fmicb.2020.00711/full#S10
Md05036_3BL,,,2016,,AD,0,-17.826,48.429,Modern,2012/2017; Madagascar Ambatondrazaka (AVANZI ET AL 2020),https://www.ebi.ac.uk/ena/browser/view/SAMN13438791
Md07037_2B,,,2016,,AD,0,-19,47.5,Modern,2012/2017; Madagascar Antananarivo Avaradrano (AVANZI ET AL 2020),https://www.ebi.ac.uk/ena/browser/view/SAMN13438795
Md07037_4,,,2016,,AD,0,-19,47.5,Modern,2012/2017; Madagascar Antananarivo Avaradrano (AVANZI ET AL 2020),https://www.ebi.ac.uk/ena/browser/view/SAMN13438796
Md09054B,,,2016,,AD,0,-18.91,47.525,Modern,2012/2017; Madagascar Antananarivo Renivohitra (AVANZI ET AL 2020),https://www.ebi.ac.uk/ena/browser/view/SAMN13438798
Md09055D,,,2016,,AD,0,-14.55,48.73,Modern,2012/2017; Madagascar Beala(n)ana Sofia (AVANZI ET AL 2020),https://www.ebi.ac.uk/ena/browser/view/SAMN13438799
MM29754,,,2016,,AD,0,-22.907,-43.173,Modern,Brazil Rio de Janerio https://journals.asm.org/doi/10.1128/aac.00330-20,https://www.ncbi.nlm.nih.gov/biosample/13864306
1262-16,,,2016,year of collection,AD,0,33.69,73.06,Modern,PAKISTAN WHERE?,Phylogenomics and antimicrobial resistance of the leprosy bacillus Mycobacterium leprae | Nature Communications
Ml10-91,,,2016,,AD,0,12.64,-8,Modern,MALI WHERE?,https://www.ebi.ac.uk/ena/browser/view/SAMN07514460
Ml10-93,,,2016,,AD,0,12.64,-8,Modern,MALI WHERE?,https://www.ebi.ac.uk/ena/browser/view/SAMN07514461
Ml10-94,,,2016,,AD,0,12.64,-8,Modern,MALI WHERE?,https://www.ebi.ac.uk/ena/browser/view/SAMN07514462
Ml10-95,,,2016,,AD,0,12.64,-8,Modern,MALI WHERE?,https://www.ebi.ac.uk/ena/browser/view/SAMN07514463
Ml10-96,,,2016,,AD,0,12.64,-8,Modern,MALI WHERE?,https://www.ebi.ac.uk/ena/browser/view/SAMN07514464
Ml10-97,,,2016,,AD,0,12.64,-8,Modern,MALI WHERE?,https://www.ebi.ac.uk/ena/browser/view/SAMN07514465
Ml10-98,,,2016,,AD,0,12.64,-8,Modern,MALI WHERE?,https://www.ebi.ac.uk/ena/browser/view/SAMN07514466
Ml10-99,,,2016,,AD,0,12.64,-8,Modern,MALI WHERE?,https://www.ebi.ac.uk/ena/browser/view/SAMN07514467
Br2016_68,,,2016,,AD,0,-15.78,-47.86,Modern,BRAZIL WHERE?,https://www.ebi.ac.uk/ena/browser/view/SAMN13438772
Br2016-141,,,2016,,AD,0,-15.78,-47.86,Modern,BRAZIL WHERE?,https://www.ebi.ac.uk/ena/browser/view/SAMN13438773
Comore_1,,,2016,,AD,0,-11.7,43.26,Modern,Comoros,https://www.ebi.ac.uk/ena/browser/view/SAMN13438777
MM29890,,,2016,,AD,0,-15.78,-47.86,Modern,Brazil,https://www.ebi.ac.uk/ena/browser/view/SAMN13438776
RB022_2,,,2016,,AD,0,23.76,90.39,Modern,2016/2019; BANGLADESH,https://www.ebi.ac.uk/ena/browser/view/SAMN14072762
RB001,,,2016,,AD,0,23.76,90.39,Modern,2016/2019; BANGLADESH,https://www.ebi.ac.uk/ena/browser/view/SAMN14072760
RB003,,,2016,,AD,0,23.76,90.39,Modern,2016/2019; BANGLADESH,https://www.ebi.ac.uk/ena/browser/view/SAMN14072761
RB063,,,2016,,AD,0,23.76,90.39,Modern,2016/2019; BANGLADESH,https://www.ebi.ac.uk/ena/browser/view/SAMN14072763
RB069,,,2016,,AD,0,23.76,90.39,Modern,2016/2019; BANGLADESH,https://www.ebi.ac.uk/ena/browser/view/SAMN14072764
RB073,,,2016,,AD,0,23.76,90.39,Modern,2016/2019; BANGLADESH,https://www.ebi.ac.uk/ena/browser/view/SAMN14072765
RB074,,,2016,,AD,0,23.76,90.39,Modern,2016/2019; BANGLADESH,https://www.ebi.ac.uk/ena/browser/view/SAMN14072766
RB182,,,2016,,AD,0,23.76,90.39,Modern,2016/2019; BANGLADESH,https://www.ebi.ac.uk/ena/browser/view/SAMN14072767
RB185,,,2016,,AD,0,23.76,90.39,Modern,2016/2019; BANGLADESH,https://www.ebi.ac.uk/ena/browser/view/SAMN14072768
RB186,,,2016,,AD,0,23.76,90.39,Modern,2016/2019; BANGLADESH,https://www.ebi.ac.uk/ena/browser/view/SAMN14072769
RN001,,,2016,,AD,0,23.76,90.39,Modern,2016/2019; BANGLADESH,https://www.ebi.ac.uk/ena/browser/view/SAMN14072770
RN022,,,2016,,AD,0,23.76,90.39,Modern,2016/2019; BANGLADESH,https://www.ebi.ac.uk/ena/browser/view/SAMN14072771
RN059,,,2016,,AD,0,23.76,90.39,Modern,2016/2019; BANGLADESH,https://www.ebi.ac.uk/ena/browser/view/SAMN14072772
RN084,,,2016,,AD,0,23.76,90.39,Modern,2016/2019; BANGLADESH,https://www.ebi.ac.uk/ena/browser/view/SAMN14072773
RN095,,,2016,,AD,0,23.76,90.39,Modern,2016/2019; BANGLADESH,https://www.ebi.ac.uk/ena/browser/view/SAMN14072774
RN165,,,2016,,AD,0,23.76,90.39,Modern,2016/2019; BANGLADESH,https://www.ebi.ac.uk/ena/browser/view/SAMN14072775
Bn7-38,,,2016,,AD,0,-6.5,2.6,Modern,Benin,https://www.ebi.ac.uk/ena/browser/view/SAMN16207302
Bn10-71,,,2016,,AD,0,-6.5,2.6,Modern,Benin,https://www.ebi.ac.uk/ena/browser/view/SAMN16207303
3208-2015,,,2015,year of collection,AD,0,-3.733,-38.527,Modern,"Three recurrent leprosy cases from the U-MDT/CT-BR trial (https://pubmed.ncbi.nlm.nih.gov/28704363/) in Brasil were Illumina sequenced and analysed. City: Fortaleza, Brazil","for location, lat long unknown but city name mentioned (Fortaleza) used for location, https://www.ebi.ac.uk/ena/browser/view/SAMN05371075?show=xrefs"
ARLP_07,,,2015,year of collection,AD,0,11.349,37.979,Modern,location: Ethiopia Amhara,https://www.ebi.ac.uk/ena/browser/view/SAMN07514389
ARLP_08,,,2015,year of collection,AD,0,7.546,40.635,Modern,location: Ethiopia Oromia,https://www.ebi.ac.uk/ena/browser/view/SAMN07514390
ARLP_10,,,2015,year of collection,AD,0,11.349,37.979,Modern,location: Ethiopia Amhara,https://www.ebi.ac.uk/ena/browser/view/SAMN07514391
ARLP_11,,,2015,year of collection,AD,0,11.349,37.979,Modern,location: Ethiopia Amhara,https://www.ebi.ac.uk/ena/browser/view/SAMN07514392
ARLP_12,,,2015,year of collection,AD,0,11.349,37.979,Modern,location: Ethiopia Amhara,https://www.ebi.ac.uk/ena/browser/view/SAMN07514393
ARLP_13,,,2015,year of collection,AD,0,9.019,38.753,Modern,location: Ethiopia Addis Ababa,https://www.ebi.ac.uk/ena/browser/view/SAMN07514394
ARLP_14,,,2015,year of collection,AD,0,11.349,37.979,Modern,location: Ethiopia Amhara,https://www.ebi.ac.uk/ena/browser/view/SAMN07514395
ARLP_20,,,2015,year of collection,AD,0,7.546,40.635,Modern,location: Ethiopia Oromia,https://www.ebi.ac.uk/ena/browser/view/SAMN07514396
ARLP_23,,,2015,year of collection,AD,0,7.546,40.635,Modern,location: Ethiopia Oromia,https://www.ebi.ac.uk/ena/browser/view/SAMN07514397
ARLP_25,,,2015,year of collection,AD,0,11.349,37.979,Modern,location: Ethiopia Amhara,https://www.ebi.ac.uk/ena/browser/view/SAMN07514398
ARLP_27,,,2015,year of collection,AD,0,6.5,37.1,Modern,location: Ethiopia: SNNP,https://www.ebi.ac.uk/ena/browser/view/SAMN07514399
ARLP_29,,,2015,year of collection,AD,0,11.349,37.979,Modern,location: Ethiopia Amhara,https://www.ebi.ac.uk/ena/browser/view/SAMN07514400
ARLP_30,,,2015,year of collection,AD,0,7.546,40.635,Modern,location: Ethiopia Oromia,https://www.ebi.ac.uk/ena/browser/view/SAMN07514401
ARLP_32,,,2015,year of collection,AD,0,7.546,40.635,Modern,location: Ethiopia Oromia,https://www.ebi.ac.uk/ena/browser/view/SAMN07514402
ARLP_37,,,2015,year of collection,AD,0,9.019,38.753,Modern,location: Ethiopia Addis Ababa,https://www.ebi.ac.uk/ena/browser/view/SAMN07514403
ARLP_40,,,2015,year of collection,AD,0,9.019,38.753,Modern,location: Ethiopia Addis Ababa,https://www.ebi.ac.uk/ena/browser/view/SAMN07514404
ARLP_46,,,2015,year of collection,AD,0,7.546,40.635,Modern,location: Ethiopia Oromia,https://www.ebi.ac.uk/ena/browser/view/SAMN07514405
ARLP_48,,,2015,year of collection,AD,0,7.546,40.635,Modern,location: Ethiopia Oromia,https://www.ebi.ac.uk/ena/browser/view/SAMN07514406
ARLP_49,,,2015,year of collection,AD,0,7.546,40.635,Modern,location: Ethiopia Oromia,https://www.ebi.ac.uk/ena/browser/view/SAMN07514407
ARLP_52,,,2015,year of collection,AD,0,7.546,40.635,Modern,location: Ethiopia Oromia,https://www.ebi.ac.uk/ena/browser/view/SAMN07514408 
ARLP_57,,,2015,year of collection,AD,0,11.349,37.979,Modern,location: Ethiopia Amhara,https://www.ebi.ac.uk/ena/browser/view/SAMN07514409
ARLP_62,,,2015,year of collection,AD,0,9.019,38.753,Modern,location: Ethiopia Addis Ababa,https://www.ebi.ac.uk/ena/browser/view/SAMN07514410
ARLP_63,,,2015,year of collection,AD,0,9.019,38.753,Modern,location: Ethiopia Addis Ababa,https://www.ebi.ac.uk/ena/browser/view/SAMN07514411
ARLP_65,,,2015,year of collection,AD,0,7.546,40.635,Modern,location: Ethiopia Oromia,https://www.ebi.ac.uk/ena/browser/view/SAMN07514412
ARLP_68,,,2015,year of collection,AD,0,7.546,40.635,Modern,location: Ethiopia Oromia,https://www.ebi.ac.uk/ena/browser/view/SAMN07514413
ARLP_73,,,2015,year of collection,AD,0,7.546,40.635,Modern,location: Ethiopia Oromia,https://www.ebi.ac.uk/ena/browser/view/SAMN07514414
ARLP_74,,,2015,year of collection,AD,0,7.546,40.635,Modern,location: Ethiopia Oromia,https://www.ebi.ac.uk/ena/browser/view/SAMN07514415
Bn7-39,,,2015,year of collection,AD,0,9.307,2.316,Modern,location: Benin,https://www.ebi.ac.uk/ena/browser/view/SAMN07514416
Bn7-41,,,2015,year of collection,AD,0,9.307,2.316,Modern,location: Benin,https://www.ebi.ac.uk/ena/browser/view/SAMN07514417
Bn8-46,,,2015,year of collection,AD,0,9.307,2.316,Modern,location: Benin,https://www.ebi.ac.uk/ena/browser/view/SAMN07514418
Bn8-47,,,2015,year of collection,AD,0,9.307,2.316,Modern,location: Benin,https://www.ebi.ac.uk/ena/browser/view/SAMN07514419
Bn8-51,,,2015,year of collection,AD,0,9.307,2.316,Modern,location: Benin,https://www.ebi.ac.uk/ena/browser/view/SAMN07514420
Bn8-52,,,2015,year of collection,AD,0,9.307,2.316,Modern,location: Benin,https://www.ebi.ac.uk/ena/browser/view/SAMN07514421
Comore_3,,,2015,,AD,0,-12.215,44.425,Modern,Comoros Anjouan; supp https://www.frontiersin.org/journals/microbiology/articles/10.3389/fmicb.2020.00711/full#S10,https://www.ebi.ac.uk/ena/browser/view/SAMN13438779
Md02018_2C,,,2015,,AD,0,-18.91,47.525,Modern,Madagascar Antananarivo Renivohitra (AVANZI 2020); date 2012/2017,https://www.ebi.ac.uk/ena/browser/view/SAMN13438785
Md03031D,,,2015,,AD,0,-18.927,47.611,Modern,2012/2017; Madagascar Antananarivo Atsimondrano (AVANZI ET AL 2020),https://www.ebi.ac.uk/ena/browser/view/SAMN13438786
Md04032,,,2015,,AD,0,-18.55,47.667,Modern,2012/2017; Madagascar Manjakandriana (AVANZI ET AL 2020),https://www.ebi.ac.uk/ena/browser/view/SAMN13438787
Md04033,,,2015,,AD,0,-15.167,46.317,Modern,2012/2017; Madagascar Mahajanga (AVANZI ET AL 2020),https://www.ebi.ac.uk/ena/browser/view/SAMN13438788
Md05036_1D,,,2015,,AD,0,-17.826,48.429,Modern,2012/2017; Madagascar Ambatondrazaka (AVANZI ET AL 2020),https://www.ebi.ac.uk/ena/browser/view/SAMN13438789
Md05036_2B,,,2015,,AD,0,-17.826,48.429,Modern,2012/2017; Madagascar Ambatondrazaka (AVANZI ET AL 2020),https://www.ebi.ac.uk/ena/browser/view/SAMN13438790
Md07037_1,,,2015,,AD,0,-19,47.5,Modern,2012/2017; Madagascar Antananarivo Avaradrano (AVANZI ET AL 2020),https://www.ebi.ac.uk/ena/browser/view/SAMN13438794
Md10044,,,2015,,AD,0,-18.91,47.525,Modern,2012/2017; Madagascar Antananarivo Renivohitra (AVANZI ET AL 2020),https://www.ebi.ac.uk/ena/browser/view/SAMN13438801
Md10044C,,,2015,,AD,0,-18.91,47.525,Modern,2012/2017; Madagascar Antananarivo Renivohitra (AVANZI ET AL 2020),https://www.ebi.ac.uk/ena/browser/view/SAMN13438802
MdEL_13,,,2015,,AD,0,-16.233,46.833,Modern,Madagascar Marosakoa (avanzi et al 2020),https://www.ebi.ac.uk/ena/browser/view/SAMN13438805
2DDS,,,2015,year of collection,AD,0,-15.78,-47.86,Modern,BRAZIL WHERE?,Phylogenomics and antimicrobial resistance of the leprosy bacillus Mycobacterium leprae | Nature Communications
Ng12-33,,,2015,,AD,0,13.52,2.12,Modern,NIGER WHERE?,https://www.ebi.ac.uk/ena/browser/view/SAMN07514477
Ng13-32,,,2015,,AD,0,13.52,2.12,Modern,NIGER WHERE?,https://www.ebi.ac.uk/ena/browser/view/SAMN07514478
Ng13-33,,,2015,,AD,0,13.52,2.12,Modern,NIGER WHERE?,https://www.ebi.ac.uk/ena/browser/view/SAMN07514479
Ng14-35,,,2015,,AD,0,13.52,2.12,Modern,NIGER WHERE?,https://www.ebi.ac.uk/ena/browser/view/SAMN07514480
Ng15-36,,,2015,,AD,0,13.52,2.12,Modern,NIGER WHERE?,https://www.ebi.ac.uk/ena/browser/view/SAMN07514481
Ng15-37,,,2015,,AD,0,13.52,2.12,Modern,NIGER WHERE?,https://www.ebi.ac.uk/ena/browser/view/SAMN07514482
Ng16-38,,,2015,,AD,0,13.52,2.12,Modern,NIGER WHERE?,https://www.ebi.ac.uk/ena/browser/view/SAMN07514483
Ng17-39,,,2015,,AD,0,13.52,2.12,Modern,NIGER WHERE?,https://www.ebi.ac.uk/ena/browser/view/SAMN07514484
Ye4-10,,,2015,,AD,0,15.35,44.21,Modern,YEMEN WHERE?,https://www.ebi.ac.uk/ena/browser/view/SAMN07514495
Ye4-11,,,2015,,AD,0,15.35,44.21,Modern,YEMEN WHERE?,https://www.ebi.ac.uk/ena/browser/view/SAMN07514496
Ye4-12,,,2015,,AD,0,15.35,44.21,Modern,YEMEN WHERE?,https://www.ebi.ac.uk/ena/browser/view/SAMN07514497
Ye4-8,,,2015,,AD,0,15.35,44.21,Modern,YEMEN WHERE?,https://www.ebi.ac.uk/ena/browser/view/SAMN07514498
Comore_2,,,2015,,AD,0,-11.7,43.26,Modern,Comoros,https://www.ebi.ac.uk/ena/browser/view/SAMN13438778
MM149,,,2015,,AD,0,-15.78,-47.86,Modern,2014/2018; Brazil,https://www.ebi.ac.uk/ena/browser/view/SAMN13438775
Bn7-37,,,2015,,AD,0,-6.5,2.6,Modern,Benin,https://www.ebi.ac.uk/ena/browser/view/SAMN16207301
Br14-1,,,2014,year of collection,AD,0,-1.456,-48.501,Modern,Brazil: Para (state though),https://www.ebi.ac.uk/ena/browser/view/SAMN07514424
Br14-2,,,2014,year of collection,AD,0,-1.456,-48.501,Modern,Brazil: Para (state though),https://www.ebi.ac.uk/ena/browser/view/SAMN07514425
Br14-3,,,2014,year of collection,AD,0,-23.556,-46.64,Modern,Brazil Sao Paulo,https://www.ebi.ac.uk/ena/browser/view/SAMN07514426
Br14-4,,,2014,year of collection,AD,0,-23.556,-46.64,Modern,Brazil Sao Paulo,https://www.ebi.ac.uk/ena/browser/view/SAMN07514427
Br14-5,,,2014,year of collection,AD,0,-5.08,-45.601,Modern,Brazil Maranhao (state though),https://www.ebi.ac.uk/ena/browser/view/SAMN07514428
2188-2014,,,2014,year of collection,AD,0,-3.733,-38.527,Modern,"Brazil Fortaleza, U-MDT/CT-BR clinical trial",https://www.ebi.ac.uk/ena/browser/view/SAMN05371073
Gu4-17,,,2014,,AD,0,9.509,-13.712,Modern,Guinea: Conakry,https://www.ebi.ac.uk/ena/browser/view/SAMN07514449
Gu4-19L,,,2014,,AD,0,9.509,-13.712,Modern,Guinea: Conakry,https://www.ebi.ac.uk/ena/browser/view/SAMN07514450
Gu5-23,,,2014,,AD,0,10.041,-12.863,Modern,Guinea: Kindia,https://www.ebi.ac.uk/ena/browser/view/SAMN07514451
Md07027B,,,2014,,AD,0,-19,47.5,Modern,2012/2017; Madagascar Antananarivo Avaradrano (AVANZI ET AL 2020),https://www.ebi.ac.uk/ena/browser/view/SAMN13438793
MdEL_10,,,2014,,AD,0,-13.679,48.452,Modern,Madagascar ambanja (avanzi et al 2020),https://www.ebi.ac.uk/ena/browser/view/SAMN13438804
MdEL_4,,,2014,,AD,0,-21.783,43.833,Modern,Madagascar Bekoaka (avanzi et al 2020),https://www.ebi.ac.uk/ena/browser/view/SAMN13438806
MdEL_5,,,2014,,AD,0,-18.91,47.525,Modern,Madagascar Antananarivo Renivohitra (AVANZI ET AL 2020),https://www.ebi.ac.uk/ena/browser/view/SAMN13438807
MdEL_6,,,2014,,AD,0,-24.85,46.683,Modern,Madagascar Ambatoabo sud est (avanzi et al 2020),https://www.ebi.ac.uk/ena/browser/view/SAMN13438808
MdEL_7,,,2014,,AD,0,-13.679,48.452,Modern,Madagascar ambanja (avanzi et al 2020),https://www.ebi.ac.uk/ena/browser/view/SAMN13438809
MdEL_8,,,2014,,AD,0,-13.679,48.452,Modern,Madagascar ambanja (avanzi et al 2020),https://www.ebi.ac.uk/ena/browser/view/SAMN13438810
MdEL_9,,,2014,,AD,0,-13.679,48.452,Modern,Madagascar ambanja (avanzi et al 2020),https://www.ebi.ac.uk/ena/browser/view/SAMN13438811
MM29149,,,2014,,AD,0,-22.907,-43.173,Modern,Brazil Rio de Janerio https://journals.asm.org/doi/10.1128/aac.00330-20,https://www.ncbi.nlm.nih.gov/biosample/13864307
Ml9-79,,,2014,,AD,0,12.64,-8,Modern,MALI WHERE?,https://www.ebi.ac.uk/ena/browser/view/SAMN07514469
Ml9-80,,,2014,,AD,0,12.64,-8,Modern,MALI WHERE?,https://www.ebi.ac.uk/ena/browser/view/SAMN07514470
Ml9-81,,,2014,,AD,0,12.64,-8,Modern,MALI WHERE?,https://www.ebi.ac.uk/ena/browser/view/SAMN07514471
Ml9-82,,,2014,,AD,0,12.64,-8,Modern,MALI WHERE?,https://www.ebi.ac.uk/ena/browser/view/SAMN07514472
Ml9-83,,,2014,,AD,0,12.64,-8,Modern,MALI WHERE?,https://www.ebi.ac.uk/ena/browser/view/SAMN07514473
Ml9-84,,,2014,,AD,0,12.64,-8,Modern,MALI WHERE?,https://www.ebi.ac.uk/ena/browser/view/SAMN07514474
Ml9-86,,,2014,,AD,0,12.64,-8,Modern,MALI WHERE?,https://www.ebi.ac.uk/ena/browser/view/SAMN07514475
Ml9-87,,,2014,,AD,0,12.64,-8,Modern,MALI WHERE?,https://www.ebi.ac.uk/ena/browser/view/SAMN07514476
Ye2-3,,,2014,,AD,0,15.35,44.21,Modern,YEMEN WHERE?,https://www.ebi.ac.uk/ena/browser/view/SAMN07514493
MM137,,,2014,,AD,0,-15.78,-47.86,Modern,2014/2018; Brazil,https://www.ebi.ac.uk/ena/browser/view/SAMN13438774
BP,,,2013,year of collection,AD,0,-22.907,-43.173,Modern,location: Brazil Rio de Janerio,https://www.ebi.ac.uk/ena/browser/view/SAMN07514422
Md06008,,,2013,,AD,0,-18.517,47.183,Modern,2012/2017; Madagascar Ankazobe (AVANZI ET AL 2020),https://www.ebi.ac.uk/ena/browser/view/SAMN13438792
Md08011,,,2013,,AD,0,-18.91,47.525,Modern,2012/2017; Madagascar Antananarivo Renivohitra (AVANZI ET AL 2020),https://www.ebi.ac.uk/ena/browser/view/SAMN13438797
Md10013,,,2013,,AD,0,-18.91,47.525,Modern,2012/2017; Madagascar Antananarivo Renivohitra (AVANZI ET AL 2020),https://www.ebi.ac.uk/ena/browser/view/SAMN13438800
Br1,,,2013,year of collection,AD,0,-15.78,-47.86,Modern,BRAZIL WHERE?,https://www.ebi.ac.uk/ena/browser/view/SAMN07514423
BrMM1,,,2013,year of collection,AD,0,-15.78,-47.86,Modern,BRAZIL WHERE? https://www.nature.com/articles/s41467-017-02576-z#MOESM4,https://www.ebi.ac.uk/ena/browser/view/SAMN07514443?show=xrefs
BrMM2,,,2013,year of collection,AD,0,-15.78,-47.86,Modern,BRAZIL WHERE? https://www.nature.com/articles/s41467-017-02576-z#MOESM4,https://www.ebi.ac.uk/ena/browser/view/SAMN07514444
BrMM4,,,2013,year of collection,AD,0,-15.78,-47.86,Modern,BRAZIL WHERE? https://www.nature.com/articles/s41467-017-02576-z#MOESM4,https://www.ebi.ac.uk/ena/browser/view/SAMN07514445
BrMM5,,,2013,year of collection,AD,0,-15.78,-47.86,Modern,BRAZIL WHERE? https://www.nature.com/articles/s41467-017-02576-z#MOESM4,https://www.ebi.ac.uk/ena/browser/view/SAMN07514446
S13_Ml-3-28,,,2013,year of isolation,AD,0,12.64,-8,Modern,MALI WHERE?,DOI: 10.1126/science.1238286 ; date 2012?
S14_Ml-2-07,,,2013,year of isolation,AD,0,12.64,-8,Modern,MALI WHERE?,DOI: 10.1126/science.1238286 ; date 2012?
Ye3s2,,,2013,,AD,0,15.35,44.21,Modern,YEMEN WHERE?,https://www.ebi.ac.uk/ena/browser/view/SAMN07514494
Ml6-52,,,2013,,AD,0,12.64,-8,Modern,Mali,https://www.ebi.ac.uk/ena/browser/view/SAMN16207315
Fio3,,,2012,year of collection,AD,0,-22.907,-43.173,Modern,Brazil Rio de Janerio,https://www.ebi.ac.uk/ena/browser/view/SAMN07514448
ML2-5,,,2012,,AD,0,12.64,-8,Modern,MALI WHERE?,https://www.ebi.ac.uk/ena/browser/view/SAMN07514468
MGI-1,,,2012,,AD,0,28.61,77.21,Modern,India,https://www.ebi.ac.uk/ena/browser/view/SAMN13438781
Ml2-7,,,2012,,AD,0,12.64,-8,Modern,Mali,https://www.ebi.ac.uk/ena/browser/view/SAMN16207313
Ml3-17,,,2012,,AD,0,12.64,-8,Modern,Mali,https://www.ebi.ac.uk/ena/browser/view/SAMN16207314
1126-2011,,,2011,year of collection,AD,0,-3.733,-38.527,Modern,"Brazil Fortaleza, U-MDT/CT-BR clinical trial",https://www.ebi.ac.uk/ena/browser/view/SAMN05371071
Ml2-10,,,2011,,AD,0,10.383,-9.312,Modern,Guinea Kankan,https://www.ebi.ac.uk/ena/browser/view/SAMN04605076
Ml6-50,,,2011,,AD,0,10.383,-9.312,Modern,Guinea Kankan,https://www.ebi.ac.uk/ena/browser/view/SAMN04605077
Ml6-55,,,2011,,AD,0,10.383,-9.312,Modern,Guinea Kankan,https://www.ebi.ac.uk/ena/browser/view/SAMN04605078
Pak,,,2010,,AD,0,33.69,73.06,Modern,PAKISTAN WHERE?,https://www.ebi.ac.uk/ena/browser/view/SAMN07514486
Congo1,,,2009,,AD,0,-4.32,15.31,Modern,Democratic Rep of Congo; date 2009/2013,https://www.ebi.ac.uk/ena/browser/view/SAMN13438780
2188-2007,,,2007,year of collection,AD,0,-3.733,-38.527,Modern,"Three recurrent leprosy cases from the U-MDT/CT-BR trial (https://pubmed.ncbi.nlm.nih.gov/28704363/) in Brasil were Illumina sequenced and analysed. City: Fortaleza, Brazil","https://www.ebi.ac.uk/ena/browser/view/SAMN05371072?show=xrefs, lat long unknown but average calculated from loaction of city named Fortaleza"
3208-2007,,,2007,year of collection,AD,0,-3.733,-38.527,Modern,"Three recurrent leprosy cases from the U-MDT/CT-BR trial (https://pubmed.ncbi.nlm.nih.gov/28704363/) in Brasil were Illumina sequenced and analysed. City: Fortaleza, Brazil","for location, lat long unknown but city name mentioned (Fortaleza) used for location, https://www.ebi.ac.uk/ena/browser/view/SAMN05371075?show=xrefs"
1126-2007,,,2007,year of collection,AD,0,-3.733,-38.527,Modern,Fortaleza as location,https://www.ebi.ac.uk/ena/browser/view/SAMN05371070
S10_Ch-04,,,2006,year of isolation,AD,0,39.91,116.4,Modern,CHINA WHERE?,DOI: 10.1126/science.1238286
B191,,,2005,,AD,0,-18.91,47.53,Modern,MADAGASCAR WHERE; Aso date 1990/2008; 2005 according to Avanzi et al 2020,https://www.ebi.ac.uk/ena/browser/view/SAMN13438782
B204,,,2005,,AD,0,-18.91,47.53,Modern,MADAGASCAR WHERE; Aso date 1990/2009; 2005 according to Avanzi et al 2020,https://www.ebi.ac.uk/ena/browser/view/SAMN13438783
NHDP-55,,,2004,,AD,0,30.27,-97.74,Modern,US: TEXAS WHERE? https://www.nejm.org/doi/full/10.1056/NEJMoa1010536#APPNEJMoa1010536SUP,Texas from Benjak et al 2018 supplementary
NHDP-98,,,2004,,AD,0,30.27,-97.74,Modern,US: TEXAS WHERE??,Texas from Benjak et al 2018 supplementary
sample_2936,,,2003,year of collection,AD,0,-9.953,33.925,Modern,"Karonga, Malawi used for location as no lat long; collection date is 2000 in supplemetary of https://www.nature.com/articles/s41467-017-02576-z#MOESM4",https://www.ebi.ac.uk/ena/browser/view/SAMN07514383
MM24219,,,2003,,AD,0,-22.907,-43.173,Modern,Brazil Rio de Janerio https://journals.asm.org/doi/10.1128/aac.00330-20,https://www.ncbi.nlm.nih.gov/biosample/13864308
Oku-4,,,2002,,AD,0,34.667,134.1,Modern,Japan Oku from Benjak 2018 supplementary; date 2000 in benjak but 2002 from Matsuoka 2010,"Oku was a town in Okayama Prefecture Japan, merged with others in 2004 to create city of Setouchi"
MM23897,,,2002,,AD,0,-22.907,-43.173,Modern,Brazil Rio de Janerio https://journals.asm.org/doi/10.1128/aac.00330-20,https://www.ncbi.nlm.nih.gov/biosample/13864309
Md1638,,,2001,,AD,0,14.65,-61.015,Modern,Martinique island,https://www.ebi.ac.uk/ena/browser/view/SAMN13438760
LRC-1A,,,2000,year of collection,AD,0,26.676,128.019,Modern,location: Japan Airaku? And then coordinates of National Sanatorium Okinawa Airaku-en from https://leprosyhistory.org/database/archive71?aorp=1&ac=Japan&kw=airaku&bu=%2Fdatabase%2Findex.php%3Faorp%3D1%26ac%3DJapan%26kw%3Dairaku,https://www.ebi.ac.uk/ena/browser/view/SAMN07514459
Izumi,,,2000,,AD,0,32.09,130.353,Modern,Japan: Izumi,https://www.ebi.ac.uk/ena/browser/view/SAMN07514453
Kanazawa,,,2000,,AD,0,36.56,136.65,Modern,Japan: Kanazawa,https://www.ebi.ac.uk/ena/browser/view/SAMN07514454
Kitasato,,,2000,,AD,0,35.643,139.726,Modern,"Japan: Kitasato (Medical Uni in Shirokane, Minato, Tokyo)",https://www.ebi.ac.uk/ena/browser/view/SAMN07514455
Kusatsu-6,,,2000,,AD,0,36.621,138.596,Modern,Japan Kusatsu,https://www.ebi.ac.uk/ena/browser/view/SAMN07514457
Kyoto-1,,,2000,,AD,0,35.012,135.768,Modern,Japan Kyoto,https://www.ebi.ac.uk/ena/browser/view/SAMN07514458
Tsukuba-1,,,2000,,AD,0,36.084,140.076,Modern,Japan Tsukuba,https://www.ebi.ac.uk/ena/browser/view/SAMN07514491
US57,,,2000,,AD,0,7.132,171.185,Modern,Marshall Islands,https://www.ebi.ac.uk/ena/browser/view/SAMN07514492
Zensho-2,,,2000,,AD,0,35.765,139.494,Modern,Japan Zensho; ref to Tama Zenshoen Sanatorium? Used as location,https://www.ebi.ac.uk/ena/browser/view/SAMN07514499
Zensho-4,,,2000,,AD,0,35.765,139.494,Modern,Japan Zensho; ref to Tama Zenshoen Sanatorium? Used as location,https://www.ebi.ac.uk/ena/browser/view/SAMN07514500
Zensho-5,,,2000,,AD,0,35.765,139.494,Modern,Japan Zensho; ref to Tama Zenshoen Sanatorium? Used as location,https://www.ebi.ac.uk/ena/browser/view/SAMN07514501
Zensho-9,,,2000,,AD,0,35.765,139.494,Modern,Japan Zensho; ref to Tama Zenshoen Sanatorium? Used as location,https://www.ebi.ac.uk/ena/browser/view/SAMN07514502
Indonesia-1,,,2000,,AD,0,-6.18,106.83,Modern,INDONESIA WHERE?,https://www.ebi.ac.uk/ena/browser/view/SAMN07514452
Korea-3-2,,,2000,,AD,0,37.56,126.99,Modern,"KOREA WHERE? No further details in Matsuoka et al. 2010, Jpn J Lepr",https://www.ebi.ac.uk/ena/browser/view/SAMN07514456
S11_Inde_2,,,2000,year of isolation,AD,0,28.61,77.21,Modern,INDIA WHERE?,DOI: 10.1126/science.1238286 ; date1990?
Thai-237,,,2000,,AD,0,13.75,100.49,Modern,Thailand where?,https://www.ebi.ac.uk/ena/browser/view/SAMN07514489
Thai-311,,,2000,,AD,0,13.75,100.49,Modern,THAILAND WHERE,https://www.ebi.ac.uk/ena/browser/view/SAMN07514490
CI-7,,,2000,,AD,0,6.82,-5.27,Modern,Cote d'Ivoire,https://www.ebi.ac.uk/ena/browser/view/SAMN16207307
sample_97016,,,1997,year of collection,AD,0,48.837,2.365,Modern,location: Pitié-Salpêtrière Hospital as no location,https://www.ebi.ac.uk/ena/browser/view/SAMN07514385
Ryukyu-2,,,1997,,AD,0,26.479,127.928,Modern,"Okinawa, Ryukyu islands in Matsuoka 2010 and date; Benjak date 2000",https://www.ebi.ac.uk/ena/browser/view/SAMN07514487
Airaku-3,,,1996,year of collection,AD,0,26.334,127.806,Modern,location: Okinawa Japan,The history and characteristics of isolates maintained at the Leprosy Research Center (jst.go.jp)
Br4923,,,1996,year of isolation,AD,0,-15.78,-47.86,Modern,BRAZIL WHERE?,"DOI: 10.1126/science.1238286, date: https://www.nature.com/articles/ng.477"
NHDP-63,,,1996,year of isolation,AD,0,30.45,-91.18,Modern,Date 2004 in Benjak et al (2018) and US: LOUISIANA WHERE?,DOI: 10.1126/science.1238286
S9_96008,,,1996,year of isolation,AD,0,-22.28,166.46,Modern,New Caledonia where?,DOI: 10.1126/science.1238286
S2_95034,,,1995,year of isolation,AD,0,18.47,-69.95,Modern,Antilles where? Santo Domingo used,DOI: 10.1126/science.1238286
S15_92041,,,1992,year of isolation,AD,0,14.65,-61.015,Modern,Martinique island,DOI: 10.1126/science.1238286
Kyoto-2,,,1991,,AD,0,35.012,135.768,Modern,Kyoto,Matsuoka 2010
Ph17,,,1991,,AD,0,14.6,120.98,Modern,1990/2008; Philippenes,https://www.ebi.ac.uk/ena/browser/view/SAMN13438819
TN,,,1990,year of isolation,AD,0,11,78,Modern,india Tamil Nadu,". For the strains where no sequencing reads were available (TN, Br4923), sequencing 762 reads were simulated using Genome2Reads. Age: DOI: 10.1126/science.1238286, Location: https://www.ncbi.nlm.nih.gov/biosample/SAMEA1705921"
B14096,,,1990,,AD,0,27.71,85.32,Modern,NEPAL WHERE? Also date 1990/2008,https://www.ebi.ac.uk/ena/browser/view/SAMN13438812
B14632,,,1990,,AD,0,27.71,85.32,Modern,NEPAL WHERE? Also date 1990/2008,https://www.ebi.ac.uk/ena/browser/view/SAMN13438813
B14668,,,1990,,AD,0,27.71,85.32,Modern,NEPAL WHERE? Also date 1990/2009,https://www.ebi.ac.uk/ena/browser/view/SAMN13438814
Np14624,,,1990,,AD,0,27.71,85.32,Modern,1990/2008; NEPAL,https://www.ebi.ac.uk/ena/browser/view/SAMN13438815
Np14689,,,1990,,AD,0,27.71,85.32,Modern,1990/2008; NEPAL,https://www.ebi.ac.uk/ena/browser/view/SAMN13438816
Np14958,,,1990,,AD,0,27.71,85.32,Modern,1990/2008; NEPAL,https://www.ebi.ac.uk/ena/browser/view/SAMN13438817
Ph15,,,1990,,AD,0,14.6,120.98,Modern,1990/2008; Philippenes,https://www.ebi.ac.uk/ena/browser/view/SAMN13438818
sample_85054,,,1985,year of collection,AD,0,48.837,2.365,Modern,location: Pitié-Salpêtrière Hospital as no location,https://www.ebi.ac.uk/ena/browser/view/SAMN07514384
Thai-53,,,1982,year of isolation,AD,0,13.75,100.49,Modern,THAILAND WHERE? The history of Mycobacterium leprae thai-53 strain - Document - Gale Academic OneFile (cam.ac.uk),DOI: 10.1126/science.1238286
Amami,,,1979,year of collection,AD,0,28.377,129.494,Modern,location: Amami Japan,The history and characteristics of isolates maintained at the Leprosy Research Center (jst.go.jp)
Ch4,,,2009,,AD,,,, ,Sierra Leone but CHIMPANZEE HOST?,https://www.ebi.ac.uk/ena/browser/view/SAMN07357704
CM1,,,1994,,AD,,,, ,PHILIPPINES but also cynomolgus macaque,https://www.ebi.ac.uk/ena/browser/view/SAMN07357705
SM1,,,0,,,,,,,HOST: Cercocebus atys,https://www.ebi.ac.uk/ena/browser/view/SAMN07357706
GB64,,,2017,,AD,,,, ,CHIMPANZEE - Guinea-Bissau,https://www.ebi.ac.uk/ena/browser/view/SAMN16207298
TNP418,,,2009,,AD,,,, ,Chimpanzee - Cote d'Ivoire,https://www.ebi.ac.uk/ena/browser/view/SAMN16207296
